{"version": 2, "width": 108, "height": 54, "timestamp": 1603484752, "env": {"SHELL": "/usr/local/bin/zsh", "TERM": "xterm-256color"}}
[1.665708, "o", "\u001b[?2004h"]
[2.189647, "o", "\u001b[4my\u001b[24m"]
[2.278417, "o", "\b\u001b[4my\u001b[4ma\u001b[24m"]
[2.400555, "o", "\b\b\u001b[4my\u001b[4ma\u001b[4mr\u001b[24m"]
[2.547651, "o", "\b\b\b\u001b[24m\u001b[32my\u001b[24m\u001b[32ma\u001b[24m\u001b[32mr\u001b[32mn\u001b[39m"]
[2.62652, "o", " "]
[2.775478, "o", "\u001b[4mb\u001b[24m"]
[2.89626, "o", "\b\u001b[4mb\u001b[4mi\u001b[24m"]
[2.996586, "o", "\b\u001b[4mi\u001b[4mg\u001b[24m"]
[3.145031, "o", "\b\u001b[4mg\u001b[4mt\u001b[24m"]
[3.266655, "o", "\b\u001b[4mt\u001b[4me\u001b[24m"]
[3.325726, "o", "\b\u001b[4me\u001b[4ms\u001b[24m"]
[3.414254, "o", "\b\u001b[4ms\u001b[4mt\u001b[24m"]
[4.527851, "o", "\b\b\b\b\b\b\b\u001b[24mb\u001b[24mi\u001b[24mg\u001b[24mt\u001b[24me\u001b[24ms\u001b[24mt "]
[4.649874, "o", "\u001b[4mt\u001b[24m"]
[4.763199, "o", "\b\u001b[4mt\u001b[4me\u001b[24m"]
[4.842357, "o", "\b\u001b[4me\u001b[4ms\u001b[24m"]
[4.909713, "o", "\b\u001b[4ms\u001b[4mt\u001b[24m"]
[5.246893, "o", "\u001b[?1l\u001b>"]
[5.250038, "o", "\u001b[?2004l\r\r\n"]
[5.54556, "o", "\u001b[2K"]
[5.546336, "o", "\u001b[1G\u001b[1myarn run v1.22.4\u001b[22m\r\n"]
[5.6444, "o", "\u001b[2K\u001b[1G\u001b[2m$ /Users/cowboyd/Code/@bigtest/bigtest-examples/todomvc/node_modules/.bin/bigtest test\u001b[22m\r\n"]
[7.965276, "o", "\u001b[32m✓\u001b[39m"]
[7.999148, "o", "\u001b[32m✓\u001b[39m"]
[8.010255, "o", "\u001b[32m✓\u001b[39m"]
[8.031398, "o", "\u001b[32m✓\u001b[39m"]
[8.052278, "o", "\u001b[32m✓\u001b[39m"]
[8.062633, "o", "\u001b[32m✓\u001b[39m"]
[8.089939, "o", "\u001b[32m✓\u001b[39m"]
[8.118736, "o", "\u001b[32m✓\u001b[39m"]
[8.146365, "o", "\u001b[32m✓\u001b[39m"]
[8.184124, "o", "\u001b[32m✓\u001b[39m"]
[8.234332, "o", "\u001b[32m✓\u001b[39m"]
[8.248927, "o", "\u001b[32m✓\u001b[39m"]
[8.393499, "o", "\u001b[32m✓\u001b[39m"]
[8.412374, "o", "\u001b[32m✓\u001b[39m"]
[8.424559, "o", "\u001b[32m✓\u001b[39m"]
[8.438633, "o", "\u001b[32m✓\u001b[39m"]
[8.448835, "o", "\u001b[32m✓\u001b[39m"]
[8.464162, "o", "\u001b[32m✓\u001b[39m"]
[8.505717, "o", "\u001b[32m✓\u001b[39m"]
[8.518014, "o", "\u001b[32m✓\u001b[39m"]
[8.52152, "o", "\u001b[32m✓\u001b[39m"]
[8.529721, "o", "\u001b[32m✓\u001b[39m"]
[8.536524, "o", "\u001b[32m✓\u001b[39m"]
[8.538105, "o", "\u001b[32m✓\u001b[39m"]
[8.54562, "o", "\u001b[32m✓\u001b[39m"]
[8.569631, "o", "\u001b[32m✓\u001b[39m"]
[8.577064, "o", "\u001b[32m✓\u001b[39m"]
[8.580817, "o", "\u001b[32m✓\u001b[39m"]
[8.594007, "o", "\u001b[32m✓\u001b[39m"]
[8.605023, "o", "\u001b[32m✓\u001b[39m"]
[8.616538, "o", "\u001b[32m✓\u001b[39m"]
[8.624884, "o", "\u001b[32m✓\u001b[39m"]
[8.638519, "o", "\u001b[32m✓\u001b[39m"]
[8.655913, "o", "\u001b[32m✓\u001b[39m"]
[8.673896, "o", "\u001b[32m✓\u001b[39m"]
[8.68092, "o", "\u001b[32m✓\u001b[39m"]
[8.687011, "o", "\u001b[32m✓\u001b[39m"]
[8.711841, "o", "\u001b[32m✓\u001b[39m"]
[8.744474, "o", "\u001b[32m✓\u001b[39m"]
[8.775841, "o", "\u001b[32m✓\u001b[39m"]
[9.339116, "o", "\u001b[32m✓\u001b[39m"]
[9.393978, "o", "\u001b[32m✓\u001b[39m"]
[9.402289, "o", "\u001b[32m✓\u001b[39m"]
[9.469999, "o", "\u001b[32m✓\u001b[39m"]
[9.560119, "o", "\u001b[32m✓\u001b[39m"]
[9.625784, "o", "\u001b[32m✓\u001b[39m"]
[9.646884, "o", "\u001b[32m✓\u001b[39m\u001b[32m✓\u001b[39m\u001b[32m✓\u001b[39m"]
[9.648936, "o", "\u001b[32m✓\u001b[39m"]
[9.653058, "o", "\u001b[32m✓\u001b[39m"]
[9.654626, "o", "\u001b[32m✓\u001b[39m"]
[9.690211, "o", "\u001b[32m✓\u001b[39m"]
[9.711436, "o", "\u001b[32m✓\u001b[39m"]
[9.763289, "o", "\u001b[32m✓\u001b[39m"]
[9.77798, "o", "\u001b[32m✓\u001b[39m"]
[9.79912, "o", "\u001b[32m✓\u001b[39m"]
[9.829978, "o", "\u001b[32m✓\u001b[39m"]
[9.863938, "o", "\u001b[32m✓\u001b[39m"]
[9.880566, "o", "\u001b[32m✓\u001b[39m"]
[9.931612, "o", "\u001b[32m✓\u001b[39m"]
[9.952547, "o", "\u001b[32m✓\u001b[39m"]
[9.959599, "o", "\u001b[32m✓\u001b[39m"]
[9.962224, "o", "\u001b[32m✓\u001b[39m"]
[9.968358, "o", "\u001b[32m✓\u001b[39m"]
[10.251841, "o", "\u001b[32m✓\u001b[39m"]
[10.26166, "o", "\u001b[32m✓\u001b[39m"]
[10.262482, "o", "\u001b[32m✓\u001b[39m"]
[10.263451, "o", "\u001b[32m✓\u001b[39m"]
[10.266405, "o", "\u001b[32m✓\u001b[39m"]
[11.494938, "o", "\u001b[31m⨯\u001b[39m"]
[11.495177, "o", "\u001b[90m◦\u001b[39m"]
[11.49554, "o", "\u001b[90m◦\u001b[39m"]
[11.495761, "o", "\u001b[90m◦\u001b[39m"]
[11.496017, "o", "\u001b[90m◦\u001b[39m"]
[11.497507, "o", "\r\n\r\n"]
[11.507227, "o", "\u001b[90m───────────────────────────────────────────────────────\u001b[39m\r\n\u001b[90m\u001b[39m"]
[11.507877, "o", "Safari - MacOS Catalina 10.15.7\r\nSteps:      \u001b[32m8 ok,\u001b[39m \u001b[31m0 failed,\u001b[39m 0 disregarded\r\nAssertions: \u001b[32m17 ok,\u001b[39m \u001b[31m0 failed,\u001b[39m 0 disregarded\r\n\u001b[90m───────────────────────────────────────────────────────\u001b[39m\r\n\u001b[90m\u001b[39mChrome - macOS Catalina 10.15.7\r\nSteps:      \u001b[32m8 ok,\u001b[39m \u001b[31m0 failed,\u001b[39m 0 disregarded\r\nAssertions: \u001b[32m17 ok,\u001b[39m \u001b[31m0 failed,\u001b[39m 0 disregarded\r\n\u001b[90m───────────────────────────────────────────────────────\u001b[39m\r\n\u001b[90m\u001b[39mIPad Air - 4th generation (iOS 14.0)\r\nSteps:      \u001b[32m7 ok,\u001b[39m \u001b[31m1 failed,\u001b[39m 0 disregarded\r\nAssertions: \u001b[32m13 ok,\u001b[39m \u001b[31m0 failed,\u001b[38m 2 disregarded\r\n\r\n"]
[11.509224, "o", "☲ All tests\r\n  ☲ TodoMVC\r\n"]
[11.509793, "o", "    \u001b[32m↪\u001b[39m visiting \"/\"\r\n    ☲ with three items\r\n      \u001b[32m↪\u001b[39m create a TODO item 'buy some cheese'\r\n      \u001b[32m↪\u001b[39m create a TODO item 'feed the cat'\r\n      \u001b[32m↪\u001b[39m create a TODO item 'book a drs appointment'\r\n      ☲ preparing to edit\r\n        \u001b[31m⨯\u001b[39m doubleClick on todo item \"2\"\r\n"]
[11.510836, "o", "\u001b[31m          \u001b[31m│ \u001b[39m\u001b[31mERROR browser does not support double clicks\u001b[39m\r\n\u001b[31m\u001b[39m"]
[11.511395, "o", "\u001b[90m          \u001b[31m│ \u001b[39m\u001b[90m  http://localhost:24005/manifest-17fe1.js:578:30\u001b[39m\r\n\u001b[90m\u001b[39m\u001b[90m          \u001b[31m│ \u001b[39m\u001b[90m  [native code]\u001b[39m\r\n\u001b[90m\u001b[39m        \u001b[90m◦\u001b[39m todo item \"2\" matches filters: which is editing\r\n        \u001b[90m◦\u001b[39m label within todo item \"2\" does not exist\r\n\u001b[90m───────────────────────────────────────────────────────\u001b[39m\r\n\u001b[90m\u001b[39m"]
[11.511845, "o", "\u001b[31m⨯ FAILURE\u001b[39m\r\n\u001b[31m\u001b[39m"]
[11.549218, "o", "\u001b[2K"]
[11.549493, "o", "\u001b[1G\u001b[31merror\u001b[39m Command failed with exit code 1.\r\n\u001b[2K"]
